{
  "All characters" : {
    "transaction" : "All characters",
    "sampleCount" : 17577,
    "errorCount" : 4261,
    "errorPct" : 24.241907,
    "meanResTime" : 15597.631791545833,
    "medianResTime" : 8281.0,
    "minResTime" : 2.0,
    "maxResTime" : 69971.0,
    "pct1ResTime" : 46162.40000000001,
    "pct2ResTime" : 51206.299999999996,
    "pct3ResTime" : 53289.880000000005,
    "throughput" : 74.80465757622184,
    "receivedKBytesPerSec" : 3951.164593547316,
    "sentKBytesPerSec" : 10.64115734401333
  },
  "Update character ID" : {
    "transaction" : "Update character ID",
    "sampleCount" : 11507,
    "errorCount" : 1095,
    "errorPct" : 9.515946,
    "meanResTime" : 6387.199183105954,
    "medianResTime" : 1716.0,
    "minResTime" : 1.0,
    "maxResTime" : 78172.0,
    "pct1ResTime" : 20885.2,
    "pct2ResTime" : 33476.0,
    "pct3ResTime" : 55207.08,
    "throughput" : 49.05341864856915,
    "receivedKBytesPerSec" : 18.7101383690495,
    "sentKBytesPerSec" : 10.2329559139487
  },
  "Character ID" : {
    "transaction" : "Character ID",
    "sampleCount" : 16356,
    "errorCount" : 1056,
    "errorPct" : 6.4563465,
    "meanResTime" : 7887.986243580324,
    "medianResTime" : 3819.5,
    "minResTime" : 2.0,
    "maxResTime" : 70690.0,
    "pct1ResTime" : 17852.0,
    "pct2ResTime" : 25464.399999999994,
    "pct3ResTime" : 39686.73,
    "throughput" : 69.70678486191613,
    "receivedKBytesPerSec" : 22.335712421155815,
    "sentKBytesPerSec" : 10.632053691293045
  },
  "Total" : {
    "transaction" : "Total",
    "sampleCount" : 68693,
    "errorCount" : 7886,
    "errorPct" : 11.480063,
    "meanResTime" : 8762.528772946296,
    "medianResTime" : 147.0,
    "minResTime" : 1.0,
    "maxResTime" : 78172.0,
    "pct1ResTime" : 8037.0,
    "pct2ResTime" : 11998.0,
    "pct3ResTime" : 32153.820000010594,
    "throughput" : 292.0707674122954,
    "receivedKBytesPerSec" : 4020.497747627746,
    "sentKBytesPerSec" : 50.77836423835956
  },
  "Delete character ID" : {
    "transaction" : "Delete character ID",
    "sampleCount" : 9255,
    "errorCount" : 807,
    "errorPct" : 8.719611,
    "meanResTime" : 5620.361858454879,
    "medianResTime" : 702.0,
    "minResTime" : 2.0,
    "maxResTime" : 70692.0,
    "pct1ResTime" : 19162.4,
    "pct2ResTime" : 29905.19999999999,
    "pct3ResTime" : 57735.0,
    "throughput" : 39.56886821493313,
    "receivedKBytesPerSec" : 13.557153038904044,
    "sentKBytesPerSec" : 6.73666795285084
  },
  "Create character" : {
    "transaction" : "Create character",
    "sampleCount" : 13998,
    "errorCount" : 667,
    "errorPct" : 4.7649665,
    "meanResTime" : 5231.81611658808,
    "medianResTime" : 2555.0,
    "minResTime" : 2.0,
    "maxResTime" : 69971.0,
    "pct1ResTime" : 17180.0,
    "pct2ResTime" : 21132.0,
    "pct3ResTime" : 38446.85000000002,
    "throughput" : 59.6334574454489,
    "receivedKBytesPerSec" : 18.65525013153186,
    "sentKBytesPerSec" : 12.659009772764064
  }
}