{
  "All characters" : {
    "transaction" : "All characters",
    "sampleCount" : 2000,
    "errorCount" : 0,
    "errorPct" : 0.0,
    "meanResTime" : 2219.7139999999995,
    "medianResTime" : 203.5,
    "minResTime" : 2.0,
    "maxResTime" : 7791.0,
    "pct1ResTime" : 6515.800000000001,
    "pct2ResTime" : 7048.95,
    "pct3ResTime" : 7551.9000000000015,
    "throughput" : 215.54046772281495,
    "receivedKBytesPerSec" : 108.25172684960664,
    "sentKBytesPerSec" : 33.888686819700396
  },
  "Update character ID" : {
    "transaction" : "Update character ID",
    "sampleCount" : 2000,
    "errorCount" : 0,
    "errorPct" : 0.0,
    "meanResTime" : 32.796000000000056,
    "medianResTime" : 8.0,
    "minResTime" : 2.0,
    "maxResTime" : 411.0,
    "pct1ResTime" : 77.50000000000045,
    "pct2ResTime" : 206.34999999999764,
    "pct3ResTime" : 333.97,
    "throughput" : 227.24690376093625,
    "receivedKBytesPerSec" : 59.25285478922849,
    "sentKBytesPerSec" : 50.597943415520966
  },
  "Character ID" : {
    "transaction" : "Character ID",
    "sampleCount" : 2000,
    "errorCount" : 0,
    "errorPct" : 0.0,
    "meanResTime" : 30.746999999999993,
    "medianResTime" : 13.0,
    "minResTime" : 2.0,
    "maxResTime" : 474.0,
    "pct1ResTime" : 78.0,
    "pct2ResTime" : 165.94999999999982,
    "pct3ResTime" : 303.93000000000006,
    "throughput" : 222.51891410769917,
    "receivedKBytesPerSec" : 57.15085391633289,
    "sentKBytesPerSec" : 35.203187583444596
  },
  "Total" : {
    "transaction" : "Total",
    "sampleCount" : 10000,
    "errorCount" : 0,
    "errorPct" : 0.0,
    "meanResTime" : 468.39340000000067,
    "medianResTime" : 10.0,
    "minResTime" : 1.0,
    "maxResTime" : 7791.0,
    "pct1ResTime" : 332.0,
    "pct2ResTime" : 4480.7499999999945,
    "pct3ResTime" : 7048.99,
    "throughput" : 1076.773985140519,
    "receivedKBytesPerSec" : 327.50911472353823,
    "sentKBytesPerSec" : 201.68481479487454
  },
  "Delete character ID" : {
    "transaction" : "Delete character ID",
    "sampleCount" : 2000,
    "errorCount" : 0,
    "errorPct" : 0.0,
    "meanResTime" : 24.961500000000008,
    "medianResTime" : 8.0,
    "minResTime" : 1.0,
    "maxResTime" : 398.0,
    "pct1ResTime" : 41.0,
    "pct2ResTime" : 129.94999999999982,
    "pct3ResTime" : 245.98000000000002,
    "throughput" : 234.7417840375587,
    "receivedKBytesPerSec" : 57.080765845070424,
    "sentKBytesPerSec" : 42.18016431924883
  },
  "Create character" : {
    "transaction" : "Create character",
    "sampleCount" : 2000,
    "errorCount" : 0,
    "errorPct" : 0.0,
    "meanResTime" : 33.74850000000001,
    "medianResTime" : 11.0,
    "minResTime" : 2.0,
    "maxResTime" : 451.0,
    "pct1ResTime" : 84.90000000000009,
    "pct2ResTime" : 188.84999999999945,
    "pct3ResTime" : 331.99,
    "throughput" : 225.02250225022502,
    "receivedKBytesPerSec" : 58.01361386138614,
    "sentKBytesPerSec" : 49.22367236723672
  }
}