{
  "All characters" : {
    "transaction" : "All characters",
    "sampleCount" : 100,
    "errorCount" : 0,
    "errorPct" : 0.0,
    "meanResTime" : 51.350000000000016,
    "medianResTime" : 38.5,
    "minResTime" : 2.0,
    "maxResTime" : 131.0,
    "pct1ResTime" : 112.0,
    "pct2ResTime" : 117.74999999999994,
    "pct3ResTime" : 130.95,
    "throughput" : 125.0,
    "receivedKBytesPerSec" : 45.07568359375,
    "sentKBytesPerSec" : 19.6533203125
  },
  "Update character ID" : {
    "transaction" : "Update character ID",
    "sampleCount" : 100,
    "errorCount" : 0,
    "errorPct" : 0.0,
    "meanResTime" : 15.250000000000002,
    "medianResTime" : 6.0,
    "minResTime" : 1.0,
    "maxResTime" : 61.0,
    "pct1ResTime" : 36.900000000000006,
    "pct2ResTime" : 57.099999999999795,
    "pct3ResTime" : 60.989999999999995,
    "throughput" : 154.5595054095827,
    "receivedKBytesPerSec" : 40.30018353941267,
    "sentKBytesPerSec" : 34.41363987635239
  },
  "Character ID" : {
    "transaction" : "Character ID",
    "sampleCount" : 100,
    "errorCount" : 0,
    "errorPct" : 0.0,
    "meanResTime" : 9.559999999999997,
    "medianResTime" : 9.0,
    "minResTime" : 1.0,
    "maxResTime" : 39.0,
    "pct1ResTime" : 20.0,
    "pct2ResTime" : 21.94999999999999,
    "pct3ResTime" : 38.86999999999993,
    "throughput" : 146.19883040935673,
    "receivedKBytesPerSec" : 37.54911366959064,
    "sentKBytesPerSec" : 23.12911184210526
  },
  "Total" : {
    "transaction" : "Total",
    "sampleCount" : 500,
    "errorCount" : 0,
    "errorPct" : 0.0,
    "meanResTime" : 20.84399999999997,
    "medianResTime" : 7.0,
    "minResTime" : 1.0,
    "maxResTime" : 131.0,
    "pct1ResTime" : 59.0,
    "pct2ResTime" : 110.0,
    "pct3ResTime" : 117.95000000000005,
    "throughput" : 617.283950617284,
    "receivedKBytesPerSec" : 170.2666859567901,
    "sentKBytesPerSec" : 115.6201774691358
  },
  "Delete character ID" : {
    "transaction" : "Delete character ID",
    "sampleCount" : 100,
    "errorCount" : 0,
    "errorPct" : 0.0,
    "meanResTime" : 12.120000000000003,
    "medianResTime" : 6.0,
    "minResTime" : 1.0,
    "maxResTime" : 40.0,
    "pct1ResTime" : 33.0,
    "pct2ResTime" : 34.89999999999998,
    "pct3ResTime" : 40.0,
    "throughput" : 163.93442622950818,
    "receivedKBytesPerSec" : 39.86296106557377,
    "sentKBytesPerSec" : 29.456967213114755
  },
  "Create character" : {
    "transaction" : "Create character",
    "sampleCount" : 100,
    "errorCount" : 0,
    "errorPct" : 0.0,
    "meanResTime" : 15.94,
    "medianResTime" : 7.0,
    "minResTime" : 1.0,
    "maxResTime" : 74.0,
    "pct1ResTime" : 55.900000000000006,
    "pct2ResTime" : 59.0,
    "pct3ResTime" : 73.91999999999996,
    "throughput" : 147.05882352941177,
    "receivedKBytesPerSec" : 37.91360294117647,
    "sentKBytesPerSec" : 32.16911764705882
  }
}