{
  "All characters" : {
    "transaction" : "All characters",
    "sampleCount" : 20000,
    "errorCount" : 1277,
    "errorPct" : 6.385,
    "meanResTime" : 8519.60789999997,
    "medianResTime" : 484.0,
    "minResTime" : 2.0,
    "maxResTime" : 71396.0,
    "pct1ResTime" : 33147.9,
    "pct2ResTime" : 66736.75,
    "pct3ResTime" : 70696.95000000001,
    "throughput" : 235.77120762012544,
    "receivedKBytesPerSec" : 6949.392377995768,
    "sentKBytesPerSec" : 34.7026091583852
  },
  "Update character ID" : {
    "transaction" : "Update character ID",
    "sampleCount" : 20000,
    "errorCount" : 0,
    "errorPct" : 0.0,
    "meanResTime" : 349.1914000000013,
    "medianResTime" : 125.0,
    "minResTime" : 2.0,
    "maxResTime" : 3234.0,
    "pct1ResTime" : 870.0,
    "pct2ResTime" : 1199.0,
    "pct3ResTime" : 1876.9900000000016,
    "throughput" : 238.93435278657188,
    "receivedKBytesPerSec" : 62.30026581446748,
    "sentKBytesPerSec" : 53.20022698763515
  },
  "Character ID" : {
    "transaction" : "Character ID",
    "sampleCount" : 20000,
    "errorCount" : 43,
    "errorPct" : 0.215,
    "meanResTime" : 1555.3203999999967,
    "medianResTime" : 349.0,
    "minResTime" : 2.0,
    "maxResTime" : 65538.0,
    "pct1ResTime" : 2006.9000000000015,
    "pct2ResTime" : 10538.800000000003,
    "pct3ResTime" : 22793.99,
    "throughput" : 236.80128819900781,
    "receivedKBytesPerSec" : 61.722475457766485,
    "sentKBytesPerSec" : 37.38215898394487
  },
  "Total" : {
    "transaction" : "Total",
    "sampleCount" : 100000,
    "errorCount" : 1320,
    "errorPct" : 1.32,
    "meanResTime" : 2225.1471100000017,
    "medianResTime" : 13.0,
    "minResTime" : 1.0,
    "maxResTime" : 71396.0,
    "pct1ResTime" : 79.90000000000146,
    "pct2ResTime" : 6368.550000000007,
    "pct3ResTime" : 70696.95000000001,
    "throughput" : 1178.7587670183298,
    "receivedKBytesPerSec" : 7189.844406145017,
    "sentKBytesPerSec" : 218.34016261345556
  },
  "Delete character ID" : {
    "transaction" : "Delete character ID",
    "sampleCount" : 20000,
    "errorCount" : 0,
    "errorPct" : 0.0,
    "meanResTime" : 339.3714,
    "medianResTime" : 128.0,
    "minResTime" : 1.0,
    "maxResTime" : 3228.0,
    "pct1ResTime" : 847.0,
    "pct2ResTime" : 1119.9500000000007,
    "pct3ResTime" : 1819.0,
    "throughput" : 239.94337336388614,
    "receivedKBytesPerSec" : 58.345605437116845,
    "sentKBytesPerSec" : 43.11482490132329
  },
  "Create character" : {
    "transaction" : "Create character",
    "sampleCount" : 20000,
    "errorCount" : 0,
    "errorPct" : 0.0,
    "meanResTime" : 362.2444500000014,
    "medianResTime" : 126.0,
    "minResTime" : 2.0,
    "maxResTime" : 7516.0,
    "pct1ResTime" : 841.0,
    "pct2ResTime" : 1250.0,
    "pct3ResTime" : 1939.9600000000064,
    "throughput" : 237.41972245634446,
    "receivedKBytesPerSec" : 61.2097721957763,
    "sentKBytesPerSec" : 51.93556428732535
  }
}