{
  "All characters" : {
    "transaction" : "All characters",
    "sampleCount" : 14546,
    "errorCount" : 3981,
    "errorPct" : 27.36835,
    "meanResTime" : 20548.013680736938,
    "medianResTime" : 1366.0,
    "minResTime" : 24.0,
    "maxResTime" : 135742.0,
    "pct1ResTime" : 67632.6,
    "pct2ResTime" : 130446.15,
    "pct3ResTime" : 131704.0,
    "throughput" : 105.34625356682454,
    "receivedKBytesPerSec" : 7762.262925552043,
    "sentKBytesPerSec" : 14.49652636326931
  },
  "Update character ID" : {
    "transaction" : "Update character ID",
    "sampleCount" : 9941,
    "errorCount" : 0,
    "errorPct" : 0.0,
    "meanResTime" : 1032.0103611306702,
    "medianResTime" : 1047.0,
    "minResTime" : 7.0,
    "maxResTime" : 3912.0,
    "pct1ResTime" : 1785.800000000001,
    "pct2ResTime" : 2148.0,
    "pct3ResTime" : 2575.0,
    "throughput" : 148.1277286882925,
    "receivedKBytesPerSec" : 38.6231480075919,
    "sentKBytesPerSec" : 32.98156459075263
  },
  "Character ID" : {
    "transaction" : "Character ID",
    "sampleCount" : 11413,
    "errorCount" : 843,
    "errorPct" : 7.386314,
    "meanResTime" : 3979.489792342064,
    "medianResTime" : 1175.0,
    "minResTime" : 6.0,
    "maxResTime" : 69394.0,
    "pct1ResTime" : 2669.6000000000004,
    "pct2ResTime" : 33194.3,
    "pct3ResTime" : 65124.58,
    "throughput" : 112.75105460221491,
    "receivedKBytesPerSec" : 29.69477238683402,
    "sentKBytesPerSec" : 17.771926680448118
  },
  "Total" : {
    "transaction" : "Total",
    "sampleCount" : 55812,
    "errorCount" : 4824,
    "errorPct" : 8.643303,
    "meanResTime" : 6731.748029097669,
    "medianResTime" : 1216.0,
    "minResTime" : 3.0,
    "maxResTime" : 135742.0,
    "pct1ResTime" : 66461.9,
    "pct2ResTime" : 70035.15000000001,
    "pct3ResTime" : 131599.0,
    "throughput" : 404.20631816799204,
    "receivedKBytesPerSec" : 7838.942743469724,
    "sentKBytesPerSec" : 72.32741780234723
  },
  "Delete character ID" : {
    "transaction" : "Delete character ID",
    "sampleCount" : 9803,
    "errorCount" : 0,
    "errorPct" : 0.0,
    "meanResTime" : 1038.3300010201035,
    "medianResTime" : 1012.0,
    "minResTime" : 10.0,
    "maxResTime" : 3601.0,
    "pct1ResTime" : 1586.0,
    "pct2ResTime" : 1972.0,
    "pct3ResTime" : 2492.959999999999,
    "throughput" : 149.42230893515838,
    "receivedKBytesPerSec" : 36.334135668803164,
    "sentKBytesPerSec" : 26.849321136786273
  },
  "Create character" : {
    "transaction" : "Create character",
    "sampleCount" : 10109,
    "errorCount" : 0,
    "errorPct" : 0.0,
    "meanResTime" : 1084.6802848946468,
    "medianResTime" : 1103.0,
    "minResTime" : 3.0,
    "maxResTime" : 20100.0,
    "pct1ResTime" : 1662.0,
    "pct2ResTime" : 2090.0,
    "pct3ResTime" : 2654.7999999999956,
    "throughput" : 145.21921507786016,
    "receivedKBytesPerSec" : 37.43932888726082,
    "sentKBytesPerSec" : 31.766703298281907
  }
}