{
  "All characters" : {
    "transaction" : "All characters",
    "sampleCount" : 7067,
    "errorCount" : 596,
    "errorPct" : 8.433564,
    "meanResTime" : 3078.7648224140353,
    "medianResTime" : 370.0,
    "minResTime" : 208.0,
    "maxResTime" : 30360.0,
    "pct1ResTime" : 1697.3999999999996,
    "pct2ResTime" : 29836.0,
    "pct3ResTime" : 29979.0,
    "throughput" : 219.8338880766479,
    "receivedKBytesPerSec" : 13059.630643265702,
    "sentKBytesPerSec" : 34.56372654330109
  },
  "Update character ID" : {
    "transaction" : "Update character ID",
    "sampleCount" : 6117,
    "errorCount" : 0,
    "errorPct" : 0.0,
    "meanResTime" : 277.63658656204,
    "medianResTime" : 264.0,
    "minResTime" : 85.0,
    "maxResTime" : 1211.0,
    "pct1ResTime" : 321.0,
    "pct2ResTime" : 342.0,
    "pct3ResTime" : 541.0,
    "throughput" : 207.9056488342057,
    "receivedKBytesPerSec" : 54.20977367063762,
    "sentKBytesPerSec" : 46.29149212324111
  },
  "Character ID" : {
    "transaction" : "Character ID",
    "sampleCount" : 6396,
    "errorCount" : 0,
    "errorPct" : 0.0,
    "meanResTime" : 366.17417135709826,
    "medianResTime" : 335.0,
    "minResTime" : 88.0,
    "maxResTime" : 1215.0,
    "pct1ResTime" : 513.0,
    "pct2ResTime" : 539.1499999999996,
    "pct3ResTime" : 737.0599999999995,
    "throughput" : 213.884430176565,
    "receivedKBytesPerSec" : 54.93320814105137,
    "sentKBytesPerSec" : 33.83718524277688
  },
  "Total" : {
    "transaction" : "Total",
    "sampleCount" : 31817,
    "errorCount" : 596,
    "errorPct" : 1.8732125,
    "meanResTime" : 938.4514567683956,
    "medianResTime" : 299.0,
    "minResTime" : 76.0,
    "maxResTime" : 30360.0,
    "pct1ResTime" : 527.0,
    "pct2ResTime" : 553.0,
    "pct3ResTime" : 29871.0,
    "throughput" : 989.7346564220611,
    "receivedKBytesPerSec" : 13255.710644169752,
    "sentKBytesPerSec" : 184.28111366340562
  },
  "Delete character ID" : {
    "transaction" : "Delete character ID",
    "sampleCount" : 6086,
    "errorCount" : 0,
    "errorPct" : 0.0,
    "meanResTime" : 333.70999014130825,
    "medianResTime" : 294.0,
    "minResTime" : 212.0,
    "maxResTime" : 1184.0,
    "pct1ResTime" : 527.0,
    "pct2ResTime" : 542.0,
    "pct3ResTime" : 564.0,
    "throughput" : 207.4654849156298,
    "receivedKBytesPerSec" : 50.44815014061701,
    "sentKBytesPerSec" : 37.278954320777224
  },
  "Create character" : {
    "transaction" : "Create character",
    "sampleCount" : 6151,
    "errorCount" : 0,
    "errorPct" : 0.0,
    "meanResTime" : 329.9897577629648,
    "medianResTime" : 314.0,
    "minResTime" : 76.0,
    "maxResTime" : 1213.0,
    "pct1ResTime" : 462.0,
    "pct2ResTime" : 527.3999999999996,
    "pct3ResTime" : 561.0,
    "throughput" : 206.52027934461455,
    "receivedKBytesPerSec" : 53.24350951853344,
    "sentKBytesPerSec" : 45.17631110663444
  }
}